[
    {
        "id": "e6c02ebc346d6163",
        "type": "tab",
        "label": "Flow 1",
        "disabled": false,
        "info": "",
        "env": []
    },
    {
        "id": "5e68c3a7fab4a120",
        "type": "mqtt in",
        "z": "e6c02ebc346d6163",
        "name": "",
        "topic": "/temperature",
        "qos": "2",
        "datatype": "auto-detect",
        "broker": "92abb72167e85b4f",
        "nl": false,
        "rap": true,
        "rh": 0,
        "inputs": 0,
        "x": 190,
        "y": 200,
        "wires": [
            [
                "158ba5f37fff7124",
                "004b4d9afb4e851f",
                "454fb0211be8c0d2"
            ]
        ]
    },
    {
        "id": "5480f3922c017105",
        "type": "mqtt in",
        "z": "e6c02ebc346d6163",
        "name": "",
        "topic": "/Pression",
        "qos": "2",
        "datatype": "auto-detect",
        "broker": "92abb72167e85b4f",
        "nl": false,
        "rap": true,
        "rh": 0,
        "inputs": 0,
        "x": 200,
        "y": 360,
        "wires": [
            [
                "6d4e675823cdca98",
                "17292da0d7347ea8",
                "253375f740f177b3"
            ]
        ]
    },
    {
        "id": "793095a5b612fe8c",
        "type": "mqtt in",
        "z": "e6c02ebc346d6163",
        "name": "",
        "topic": "/Humidite",
        "qos": "2",
        "datatype": "auto-detect",
        "broker": "92abb72167e85b4f",
        "nl": false,
        "rap": true,
        "rh": 0,
        "inputs": 0,
        "x": 200,
        "y": 540,
        "wires": [
            [
                "f1475272f2ff4f01",
                "cd28250a5e974f30",
                "7e30901f2cd9bf7c"
            ]
        ]
    },
    {
        "id": "158ba5f37fff7124",
        "type": "ui_chart",
        "z": "e6c02ebc346d6163",
        "name": "",
        "group": "e7c587f95d542a14",
        "order": 2,
        "width": 0,
        "height": 0,
        "label": "Temperature",
        "chartType": "line",
        "legend": "false",
        "xformat": "HH:mm:ss",
        "interpolate": "linear",
        "nodata": "",
        "dot": false,
        "ymin": "",
        "ymax": "",
        "removeOlder": 1,
        "removeOlderPoints": "",
        "removeOlderUnit": "3600",
        "cutout": 0,
        "useOneColor": false,
        "useUTC": false,
        "colors": [
            "#1f77b4",
            "#aec7e8",
            "#ff7f0e",
            "#2ca02c",
            "#98df8a",
            "#d62728",
            "#ff9896",
            "#9467bd",
            "#c5b0d5"
        ],
        "outputs": 1,
        "useDifferentColor": false,
        "className": "",
        "x": 410,
        "y": 180,
        "wires": [
            []
        ]
    },
    {
        "id": "6d4e675823cdca98",
        "type": "ui_chart",
        "z": "e6c02ebc346d6163",
        "name": "",
        "group": "b77c83d7bede0460",
        "order": 2,
        "width": 0,
        "height": 0,
        "label": "Pression",
        "chartType": "line",
        "legend": "false",
        "xformat": "HH:mm:ss",
        "interpolate": "linear",
        "nodata": "",
        "dot": false,
        "ymin": "",
        "ymax": "",
        "removeOlder": 1,
        "removeOlderPoints": "",
        "removeOlderUnit": "3600",
        "cutout": 0,
        "useOneColor": false,
        "useUTC": false,
        "colors": [
            "#1f77b4",
            "#aec7e8",
            "#ff7f0e",
            "#2ca02c",
            "#98df8a",
            "#d62728",
            "#ff9896",
            "#9467bd",
            "#c5b0d5"
        ],
        "outputs": 1,
        "useDifferentColor": false,
        "className": "",
        "x": 460,
        "y": 420,
        "wires": [
            []
        ]
    },
    {
        "id": "f1475272f2ff4f01",
        "type": "ui_chart",
        "z": "e6c02ebc346d6163",
        "name": "",
        "group": "17d550ac49e42277",
        "order": 2,
        "width": 0,
        "height": 0,
        "label": "Humidité",
        "chartType": "line",
        "legend": "false",
        "xformat": "HH:mm:ss",
        "interpolate": "linear",
        "nodata": "",
        "dot": false,
        "ymin": "",
        "ymax": "",
        "removeOlder": 1,
        "removeOlderPoints": "",
        "removeOlderUnit": "3600",
        "cutout": 0,
        "useOneColor": false,
        "useUTC": false,
        "colors": [
            "#1f77b4",
            "#aec7e8",
            "#ff7f0e",
            "#2ca02c",
            "#98df8a",
            "#d62728",
            "#ff9896",
            "#9467bd",
            "#c5b0d5"
        ],
        "outputs": 1,
        "useDifferentColor": false,
        "className": "",
        "x": 480,
        "y": 620,
        "wires": [
            []
        ]
    },
    {
        "id": "004b4d9afb4e851f",
        "type": "ui_gauge",
        "z": "e6c02ebc346d6163",
        "name": "",
        "group": "e7c587f95d542a14",
        "order": 1,
        "width": 0,
        "height": 0,
        "gtype": "gage",
        "title": "Temperature °C",
        "label": "°C",
        "format": "{{value}}",
        "min": 0,
        "max": "45",
        "colors": [
            "#00b500",
            "#e6e600",
            "#7b3acb"
        ],
        "seg1": "",
        "seg2": "",
        "className": "",
        "x": 420,
        "y": 240,
        "wires": []
    },
    {
        "id": "17292da0d7347ea8",
        "type": "ui_gauge",
        "z": "e6c02ebc346d6163",
        "name": "",
        "group": "b77c83d7bede0460",
        "order": 1,
        "width": 0,
        "height": 0,
        "gtype": "gage",
        "title": "Pression (mBar)",
        "label": "mBar",
        "format": "{{value}}",
        "min": "800",
        "max": "1200",
        "colors": [
            "#00b500",
            "#e6e600",
            "#cb3aab"
        ],
        "seg1": "",
        "seg2": "",
        "className": "",
        "x": 480,
        "y": 480,
        "wires": []
    },
    {
        "id": "cd28250a5e974f30",
        "type": "ui_gauge",
        "z": "e6c02ebc346d6163",
        "name": "",
        "group": "17d550ac49e42277",
        "order": 1,
        "width": 0,
        "height": 0,
        "gtype": "gage",
        "title": "Humidité %",
        "label": "SI",
        "format": "{{value}}",
        "min": 0,
        "max": "100",
        "colors": [
            "#00b500",
            "#e6e600",
            "#ca3838"
        ],
        "seg1": "",
        "seg2": "",
        "className": "",
        "x": 470,
        "y": 680,
        "wires": []
    },
    {
        "id": "ba4840fa13087152",
        "type": "inject",
        "z": "e6c02ebc346d6163",
        "name": "",
        "props": [
            {
                "p": "payload"
            },
            {
                "p": "topic",
                "vt": "str"
            }
        ],
        "repeat": "",
        "crontab": "",
        "once": false,
        "onceDelay": 0.1,
        "topic": "",
        "payload": "",
        "payloadType": "date",
        "x": 140,
        "y": 780,
        "wires": [
            [
                "eb2c937a31cc6b63"
            ]
        ]
    },
    {
        "id": "eb2c937a31cc6b63",
        "type": "function",
        "z": "e6c02ebc346d6163",
        "name": "function 1",
        "func": "\nreturn msg;",
        "outputs": 1,
        "noerr": 0,
        "initialize": "",
        "finalize": "",
        "libs": [],
        "x": 400,
        "y": 780,
        "wires": [
            [
                "e29b80b5aec3a621"
            ]
        ]
    },
    {
        "id": "e29b80b5aec3a621",
        "type": "mqtt out",
        "z": "e6c02ebc346d6163",
        "name": "",
        "topic": "/Reponse_Serveur",
        "qos": "",
        "retain": "",
        "respTopic": "",
        "contentType": "",
        "userProps": "",
        "correl": "",
        "expiry": "",
        "broker": "92abb72167e85b4f",
        "x": 690,
        "y": 780,
        "wires": []
    },
    {
        "id": "118f6349c3e00504",
        "type": "debug",
        "z": "e6c02ebc346d6163",
        "name": "debug 2",
        "active": true,
        "tosidebar": true,
        "console": false,
        "tostatus": false,
        "complete": "false",
        "statusVal": "",
        "statusType": "auto",
        "x": 580,
        "y": 300,
        "wires": []
    },
    {
        "id": "253375f740f177b3",
        "type": "firebase modify",
        "z": "e6c02ebc346d6163",
        "name": "",
        "firebaseconfig": "",
        "childpath": "Pression",
        "method": "push",
        "value": "msg.payload",
        "priority": "msg.priority",
        "x": 620,
        "y": 300,
        "wires": [
            [
                "118f6349c3e00504"
            ]
        ]
    },
    {
        "id": "886b1d1388283e7f",
        "type": "debug",
        "z": "e6c02ebc346d6163",
        "name": "debug 3",
        "active": true,
        "tosidebar": true,
        "console": false,
        "tostatus": false,
        "complete": "false",
        "statusVal": "",
        "statusType": "auto",
        "x": 620,
        "y": 540,
        "wires": []
    },
    {
        "id": "7e30901f2cd9bf7c",
        "type": "firebase modify",
        "z": "e6c02ebc346d6163",
        "name": "",
        "firebaseconfig": "",
        "childpath": "Humidité",
        "method": "push",
        "value": "msg.payload",
        "priority": "msg.priority",
        "x": 640,
        "y": 540,
        "wires": [
            [
                "886b1d1388283e7f"
            ]
        ]
    },
    {
        "id": "5f92d028d856e884",
        "type": "debug",
        "z": "e6c02ebc346d6163",
        "name": "debug 1",
        "active": true,
        "tosidebar": true,
        "console": false,
        "tostatus": false,
        "complete": "payload",
        "targetType": "msg",
        "statusVal": "",
        "statusType": "auto",
        "x": 580,
        "y": 60,
        "wires": []
    },
    {
        "id": "454fb0211be8c0d2",
        "type": "firebase modify",
        "z": "e6c02ebc346d6163",
        "name": "",
        "firebaseconfig": "",
        "childpath": "temperature",
        "method": "push",
        "value": "msg.payload",
        "priority": "msg.priority",
        "x": 630,
        "y": 60,
        "wires": [
            [
                "5f92d028d856e884"
            ]
        ]
    },
    {
        "id": "92abb72167e85b4f",
        "type": "mqtt-broker",
        "name": "",
        "broker": "broker.hivemq.com",
        "port": "1883",
        "clientid": "",
        "autoConnect": true,
        "usetls": false,
        "protocolVersion": "4",
        "keepalive": "60",
        "cleansession": true,
        "birthTopic": "",
        "birthQos": "0",
        "birthPayload": "",
        "birthMsg": {},
        "closeTopic": "",
        "closeQos": "0",
        "closePayload": "",
        "closeMsg": {},
        "willTopic": "",
        "willQos": "0",
        "willPayload": "",
        "willMsg": {},
        "userProps": "",
        "sessionExpiry": ""
    },
    {
        "id": "e7c587f95d542a14",
        "type": "ui_group",
        "name": "Temperature ",
        "tab": "5852b37a089df67d",
        "order": 1,
        "disp": true,
        "width": "6",
        "collapse": false,
        "className": ""
    },
    {
        "id": "b77c83d7bede0460",
        "type": "ui_group",
        "name": "Pression",
        "tab": "5852b37a089df67d",
        "order": 2,
        "disp": true,
        "width": "6",
        "collapse": false,
        "className": ""
    },
    {
        "id": "17d550ac49e42277",
        "type": "ui_group",
        "name": "Humidité",
        "tab": "5852b37a089df67d",
        "order": 3,
        "disp": true,
        "width": "6",
        "collapse": false,
        "className": ""
    },
    {
        "id": "5852b37a089df67d",
        "type": "ui_tab",
        "name": "Climat",
        "icon": "dashboard",
        "order": 1,
        "disabled": false,
        "hidden": false
    }
]